x,l,a,y,p,t
38.8125,0.812908,0.928044,325.4414,0.333333,534428924.044134
38.6719,0.812908,0.928044,325.5117,0.333333,534428924.072512
38.4688,0.812908,0.928044,325.5117,0.333333,534428924.072658
38.2813,0.812908,0.928044,325.5117,0.333333,534428924.072824
38.2031,0.812908,0.928044,325.5117,0.333333,534428924.07299
38.0781,0.812908,0.928044,325.5117,0.333333,534428924.092491
37.9375,0.812908,0.928044,325.5117,0.333333,534428924.092647
37.8125,0.812908,0.928044,325.5117,0.333333,534428924.092676
37.6094,0.812908,0.928044,325.5117,0.333333,534428924.0927
37.4219,0.812908,0.928044,325.5117,0.19,534428924.092731
37.2188,0.812908,0.928044,325.5117,0.102179,534428924.101122
37.0156,0.812908,0.928044,325.582,0.051346,534428924.101212
36.75,0.812908,0.928044,325.6406,0.000513,534428924.101262
36.5469,0.812908,0.928044,325.7109,0.066862,534428924.101289
36.2813,0.812908,0.928044,325.7813,0.125748,534428924.119987
36.0938,0.812908,0.928044,325.8398,0.154487,534428924.120122
35.8281,0.812908,0.928044,325.9102,0.203581,534428924.120171
35.625,0.812908,0.928044,325.9805,0.229104,534428924.120266
35.3594,0.812908,0.928044,325.9805,0.254627,534428924.136206
35.0938,0.812908,0.928044,326.0391,0.256577,534428924.136335
34.8281,0.812908,0.928044,326.0391,0.293019,534428924.13636
34.5,0.812908,0.928044,326.1094,0.295843,534428924.136383
34.1563,0.812908,0.928044,326.1094,0.300551,534428924.152805
33.8281,0.812908,0.928044,326.1797,0.33617,534428924.152897
33.4375,0.812908,0.928044,326.1797,0.379417,534428924.152928
33.0313,0.812908,0.928044,326.2383,0.388683,534428924.152987
32.5781,0.812908,0.928044,326.2383,0.405749,534428924.169498
32.1094,0.812908,0.928044,326.2383,0.409137,534428924.169591
31.6406,0.812908,0.928044,326.2383,0.423534,534428924.169653
31.1719,0.812908,0.928044,326.3086,0.435715,534428924.169674
30.6406,0.812908,0.928044,326.3086,0.453606,534428924.185531
30.1094,0.812908,0.928044,326.3086,0.434562,534428924.185624
29.5781,0.812908,0.928044,326.3086,0.451095,534428924.185643
29.0469,0.812908,0.928044,326.3086,0.460526,534428924.18566
28.5156,0.812908,0.928044,326.3086,0.476389,534428924.201665
28,0.812908,0.928044,326.3086,0.446961,534428924.201747
27.4688,0.812908,0.928044,326.3086,0.456111,534428924.201765
26.9375,0.812908,0.928044,326.3086,0.466423,534428924.20178
26.3281,0.812908,0.928044,326.3789,0.456045,534428924.218102
25.7969,0.812908,0.928044,326.4375,0.464046,534428924.218192
25.2656,0.812908,0.928044,326.5078,0.468857,534428924.218213
24.7344,0.812908,0.928044,326.6367,0.475922,534428924.218233
24.2031,0.812908,0.928044,326.8359,0.477359,534428924.234398
23.6094,0.812908,0.928044,327.0352,0.483383,534428924.234488
23.0781,0.812908,0.928044,327.3047,0.484307,534428924.23451
22.4219,0.812908,0.928044,327.6328,0.503101,534428924.234528
21.8906,0.812908,0.928044,327.9609,0.506995,534428924.250221
21.2969,0.812908,0.928044,328.3594,0.512063,534428924.250362
20.625,0.812908,0.928044,328.7578,0.550547,534428924.250382
20.0313,0.812908,0.928044,329.1563,0.540038,534428924.2504
19.3594,0.812908,0.928044,329.6953,0.548974,534428924.266003
18.7656,0.812908,0.928044,330.1523,0.557021,534428924.266107
18.1719,0.812908,0.928044,330.6211,0.536571,534428924.266125
17.5781,0.812908,0.928044,331.0898,0.542961,534428924.266165
17.0469,0.812908,0.928044,331.6172,0.549221,534428924.281861
16.5156,0.812908,0.928044,332.0742,0.555481,534428924.282079
16.0469,0.812908,0.928044,332.543,0.548887,534428924.282097
15.6563,0.812908,0.928044,333.0117,0.552901,534428924.282113
15.3125,0.812908,0.928044,333.4688,0.558425,534428924.298963
15.0469,0.812908,0.928044,333.9375,0.539279,534428924.299049
14.7813,0.812908,0.928044,334.4648,0.542837,534428924.299091
14.5938,0.812908,0.928044,334.9336,0.544459,534428924.299111
14.4531,0.812908,0.928044,335.4609,0.547939,534428924.3158
14.3281,0.812908,0.928044,336,0.527999,534428924.315903
14.25,0.812908,0.928044,336.5273,0.529485,534428924.315943
14.1875,0.812908,0.928044,336.9844,0.528438,534428924.315962
14.1875,0.812908,0.928044,337.582,0.529387,534428924.332364
14.1875,0.812908,0.928044,338.1211,0.507551,534428924.33247
14.1875,0.812908,0.928044,338.7188,0.507171,534428924.33249
14.1875,0.812908,0.928044,339.2461,0.505557,534428924.33252
14.1875,0.812908,0.928044,339.9141,0.497718,534428924.349216
14.1875,0.812908,0.928044,340.5117,0.495506,534428924.349308
14.25,0.812908,0.928044,341.0977,0.493881,534428924.349355
14.4531,0.812908,0.928044,341.7656,0.490025,534428924.349378
14.6563,0.812908,0.928044,342.4336,0.510415,534428924.365943
14.8594,0.812908,0.928044,343.0313,0.507873,534428924.366087
15.125,0.812908,0.928044,343.6875,0.505901,534428924.366113
15.3906,0.812908,0.928044,344.2852,0.502568,534428924.366149
15.7813,0.812908,0.928044,344.9531,0.511557,534428924.382941
16.1875,0.812908,0.928044,345.5508,0.510553,534428924.383044
16.7188,0.812908,0.928044,346.1484,0.508948,534428924.383068
17.25,0.812908,0.928044,346.7461,0.509713,534428924.383096
17.8438,0.812908,0.928044,347.2031,0.508565,534428924.399604
18.4375,0.812908,0.928044,347.7422,0.512099,534428924.399693
19.2344,0.812908,0.928044,348.2695,0.488468,534428924.399715
19.7656,0.812908,0.928044,348.668,0.470708,534428924.399744
20.5625,0.812908,0.928044,349.1367,0.469527,534428924.416328
21.2969,0.812908,0.928044,349.5352,0.46911,534428924.416414
22.0938,0.812908,0.928044,349.9336,0.447758,534428924.416437
22.75,0.812908,0.926243,350.2617,0.444883,534428924.416484
23.6094,0.812908,0.915883,350.5898,0.442579,534428924.433174
24.4063,0.812908,0.911565,350.9883,0.43728,534428924.433276
25.1406,0.812908,0.909917,351.2578,0.445172,534428924.433303
26,0.812908,0.909917,351.5859,0.441113,534428924.433324
26.7969,0.812908,0.909917,351.9141,0.436518,534428924.449795
27.7969,0.812908,0.909917,352.2539,0.467693,534428924.449918
28.7188,0.812908,0.909917,352.5117,0.464569,534428924.449941
29.5781,0.812908,0.909917,352.7813,0.461246,534428924.449965
30.6406,0.812908,0.909917,353.0508,0.457262,534428924.466646
31.6406,0.812908,0.909917,353.1797,0.481611,534428924.466763
32.7031,0.812908,0.909917,353.3086,0.505959,534428924.466785
33.7656,0.812908,0.909917,353.3789,0.507453,534428924.466804
34.8906,0.812908,0.909917,353.3789,0.507344,534428924.483484
36.0156,0.812908,0.909917,353.3789,0.51351,534428924.483566
37.2188,0.812908,0.909917,353.3789,0.514859,534428924.483589
38.2813,0.812908,0.909917,353.3789,0.524156,534428924.483609
39.4688,0.813716,0.909917,353.3086,0.51442,534428924.500235
40.5938,0.816951,0.909917,353.0508,0.519407,534428924.500318
41.7344,0.819942,0.909917,352.7109,0.52278,534428924.50034
42.7813,0.822658,0.909917,352.3828,0.529396,534428924.500361
43.9844,0.825145,0.909917,351.9141,0.520527,534428924.516877
44.9844,0.827358,0.909917,351.5156,0.523883,534428924.516965
45.9688,0.829311,0.909917,351.0586,0.526844,534428924.516989
46.8438,0.830989,0.909917,350.5898,0.530113,534428924.517008
47.7656,0.832347,0.909917,349.9922,0.539719,534428924.533155
48.5,0.8334,0.909917,349.3945,0.54157,534428924.533237
49.2188,0.834209,0.909917,348.7969,0.542423,534428924.533266
49.8906,0.834789,0.909917,348.0703,0.544028,534428924.533287
50.4844,0.835216,0.909917,347.2734,0.542462,534428924.550275
50.9531,0.835414,0.909917,346.4766,0.543973,534428924.550356
51.3438,0.835491,0.909917,345.6211,0.593812,534428924.550384
51.6719,0.835491,0.909917,344.7539,0.669645,534428924.550405
51.9375,0.835491,0.909917,343.7578,0.716447,534428924.566444
52.0781,0.835491,0.909917,342.832,0.760811,534428924.566526
52.1406,0.835491,0.909917,341.8359,0.799777,534428924.566545
52.1406,0.835491,0.909917,340.9688,0.838743,534428924.566562
52.1406,0.835491,0.909917,339.9727,0.861027,534428924.582444
51.9375,0.835491,0.909917,339.1172,0.876319,534428924.582524
51.4844,0.835491,0.909917,338.4492,0.944737,534428924.582542
50.8125,0.835491,0.909917,337.7227,0.981597,534428924.582564
50.0156,0.835491,0.909917,337.0547,1.039787,534428924.599287
49.0938,0.835491,0.909917,336.5859,1.063195,534428924.599393
48.0938,0.835491,0.909917,336.1289,1.102291,534428924.599413
47.0313,0.835491,0.909917,335.8008,1.127986,534428924.59943
45.8438,0.835491,0.909917,335.5313,1.178233,534428924.615589
44.7188,0.835491,0.909917,335.2617,0.986131,534428924.61568
43.5156,0.835491,0.909917,335.0625,0.895594,534428924.615701
42.4531,0.835491,0.909917,334.9336,0.857839,534428924.615723
41.3906,0.835491,0.909917,334.8047,0.839922,534428924.6323
40.7344,0.835491,0.909917,334.6055,0.585532,534428924.632393
40.2031,0.835491,0.909917,334.4063,0.443516,534428924.632416
39.6094,0.835491,0.909917,333.7383,0,534428924.633082
97.9219,0.793926,1.047978,343.6875,0.333333,534428926.84376
97.4688,0.793926,1.047978,343.6875,0.333333,534428926.864388
97.0625,0.793926,1.047978,343.6875,0.333333,534428926.864541
96.7969,0.793926,1.047978,343.7578,0.333333,534428926.864636
96.6719,0.793926,1.047978,343.8281,0.293229,534428926.864705
96.5313,0.793926,1.047978,343.957,0.253125,534428926.887156
96.3281,0.793926,1.047978,344.0859,0.253125,534428926.887324
96.2031,0.793926,1.047978,344.2266,0.33893,534428926.887394
96.0625,0.793926,1.047978,344.2852,0.393179,534428926.887463
96,0.793926,1.047978,344.3555,0.447428,534428926.887533
95.9375,0.793926,1.047978,344.4258,0.47012,534428926.905225
95.875,0.793926,1.047978,344.4258,0.484299,534428926.905322
95.875,0.793926,1.047978,344.4258,0.51185,534428926.905349
95.875,0.793926,1.047978,344.4258,0.528382,534428926.905372
95.875,0.793926,1.047978,344.4258,0.606083,534428926.921758
95.875,0.793926,1.047978,344.4258,0.655469,534428926.92184
95.875,0.793926,1.047978,344.4258,0.704855,534428926.921861
95.875,0.793926,1.047978,344.3555,0.780559,534428926.921888
95.875,0.793926,1.047978,344.0859,0.843073,534428926.933603
96,0.793926,1.047978,343.7578,0.897366,534428926.933725
96.3281,0.793926,1.047978,343.4297,0.930249,534428926.933776
96.6719,0.793926,1.047978,343.0898,0.963131,534428926.933799
97.0625,0.793926,1.047978,342.5625,0.996014,534428926.950689
97.5313,0.793926,1.047978,342.0352,1.028897,534428926.950805
98.125,0.793926,1.047978,341.3672,1.110938,534428926.950828
98.7188,0.793926,1.047978,340.5703,1.079169,534428926.950848
99.3906,0.793926,1.047978,339.7148,1.092451,534428926.968043
100.0469,0.793926,1.047978,338.8477,1.0974,534428926.968126
100.7813,0.793926,1.047978,337.7813,1.087652,534428926.968148
101.4375,0.793926,1.047978,336.7852,1.099156,534428926.968169
102.2344,0.793926,1.047978,335.6016,1.118833,534428926.98477
102.9063,0.793926,1.047978,334.4648,1.143061,534428926.984853
103.7656,0.793926,1.047978,333.0703,1.145307,534428926.984876
104.3594,0.793926,1.047978,332.0742,1.166528,534428926.984897
105.1563,0.793926,1.047978,330.6914,1.191946,534428927.001674
105.75,0.793926,1.047978,329.6953,1.214835,534428927.001757
106.4844,0.793926,1.047978,328.5586,1.242446,534428927.001782
107.0781,0.793926,1.047978,327.6328,1.251839,534428927.001804
107.6875,0.793926,1.047978,326.6367,1.276152,534428927.018238
108.1406,0.793926,1.047978,325.9805,1.272476,534428927.018319
108.6719,0.793926,1.047978,325.3125,1.2688,534428927.018345
109.0781,0.793926,1.047978,324.8438,1.288038,534428927.018365
109.4688,0.793926,1.047978,324.4453,1.31059,534428927.033898
109.7969,0.793926,1.047978,324.1875,1.283786,534428927.034005
110.0625,0.793926,1.047978,323.9883,1.27839,534428927.034023
110.3281,0.793926,1.047978,323.918,1.27444,534428927.03409
110.5938,0.793926,1.047978,323.918,1.249412,534428927.049933
110.8594,0.793926,1.047978,323.918,1.221869,534428927.050136
111,0.793926,1.047978,323.918,1.236368,534428927.050168
111.2031,0.793926,1.047978,324.1875,1.236002,534428927.050216
111.2656,0.793926,1.047978,324.7148,1.206623,534428927.066434
111.3281,0.793926,1.047978,325.3828,1.189634,534428927.06654
111.3906,0.793926,1.047978,326.3086,1.172644,534428927.066565
111.4688,0.793926,1.047978,327.1641,1.15746,534428927.066583
111.5313,0.793926,1.047978,328.2305,1.157663,534428927.082973
111.5313,0.793926,1.047978,329.3555,1.151305,534428927.083131
111.5313,0.793926,1.047978,330.8203,1.149481,534428927.083177
111.5313,0.793926,1.047978,331.9453,1.142839,534428927.083198
111.5313,0.793926,1.047978,333.5391,1.140102,534428927.100177
111.5313,0.793926,1.047978,334.9336,1.135263,534428927.100283
111.5313,0.793926,1.047978,336.2578,1.219853,534428927.100316
111.5313,0.793926,1.047978,337.8516,1.305128,534428927.100336
111.5313,0.793926,1.047978,339.2461,1.352674,534428927.117024
111.5313,0.793926,1.047978,340.9102,1.382957,534428927.117132
111.5313,0.793926,1.047978,342.4336,1.41793,534428927.117159
111.5313,0.793926,1.047978,343.8281,1.459428,534428927.117178
111.5938,0.793926,1.047978,345.4805,1.487564,534428927.134307
111.7344,0.793926,1.047978,347.0039,1.50327,534428927.134389
112,0.793926,1.047978,348.668,1.32771,534428927.134411
112.3281,0.793926,1.047978,350.1914,1.24509,534428927.134431
112.7813,0.793926,1.047978,351.9844,1.207854,534428927.151278
113.3125,0.793926,1.047978,353.6484,0.840624,534428927.15136
114.1094,0.793926,1.047978,355.4297,0.645494,534428927.151383
115.1094,0.793926,1.047978,357.1641,0.536369,534428927.151403
116.5781,0.793926,1.047978,358.6875,0,534428927.152002
179,0.878978,1.121556,334.207,0.333333,534428927.868808
178.7344,0.878978,1.121556,334.207,0.333333,534428927.887554
178.4688,0.878978,1.121556,334.207,0.333333,534428927.898622
178.2813,0.878978,1.121556,334.207,0.333333,534428927.898771
178.2188,0.878978,1.121556,334.207,0.269792,534428927.898812
178.2188,0.878978,1.121556,334.207,0.238021,534428927.908417
178.1406,0.878978,1.121556,334.207,0.199057,534428927.908602
178.1406,0.878978,1.121556,334.207,0.197614,534428927.908633
178.1406,0.878978,1.121556,334.207,0.19646,534428927.908676
178.0781,0.878978,1.121556,334.207,0.195307,534428927.908709
178.0781,0.878978,1.121556,334.207,0.220099,534428927.933842
178.0156,0.878978,1.121556,334.207,0.22255,534428927.933934
178.0156,0.878978,1.121556,334.1367,0.224021,534428927.93396
177.9531,0.878978,1.121556,334.0664,0.226472,534428927.933984
177.8125,0.878978,1.121556,334.0078,0.298629,534428927.934039
177.6875,0.878978,1.121556,333.8672,0.339655,534428927.934065
177.5469,0.878978,1.121556,333.7383,0.380681,534428927.934089
177.4219,0.878978,1.121556,333.4688,0.477521,534428927.952068
177.2813,0.878978,1.121556,333.2695,0.535536,534428927.952192
177.2188,0.878978,1.121556,333.0117,0.598348,534428927.952221
177.1563,0.878978,1.121556,332.7422,0.617538,534428927.952248
177.0781,0.878978,1.121556,332.3438,0.610064,534428927.969476
177.0781,0.878978,1.121556,332.0156,0.602591,534428927.969571
177.0781,0.878978,1.121556,331.5469,0.628724,534428927.969601
177.0781,0.878978,1.121556,331.0898,0.616903,534428927.969624
177.1563,0.878978,1.121556,330.4922,0.622553,534428927.986316
177.3438,0.878978,1.121556,329.8945,0.651921,534428927.986431
177.6875,0.878978,1.121556,329.2266,0.675488,534428927.986458
178.0781,0.878978,1.121556,328.6289,0.708604,534428927.986481
178.6094,0.878978,1.121556,327.9609,0.739856,534428927.9951
179.1406,0.878978,1.121556,327.3047,0.763549,534428928.003133
179.6719,0.878978,1.121556,326.7773,0.704135,534428928.011598
180.2031,0.878978,1.121556,326.3086,0.66884,534428928.019761
181,0.878978,1.121556,325.7813,0.657144,534428928.01984
181.5313,0.878978,1.121556,325.4414,0.630383,534428928.019858
182.1875,0.878978,1.121556,325.043,0.692403,534428928.027697
182.9219,0.878978,1.121556,324.7148,0.721228,534428928.035472
183.5781,0.878978,1.121556,324.5156,0.754593,534428928.035551
184.25,0.878978,1.121556,324.3867,0.758452,534428928.035572
184.8438,0.878978,1.121556,324.3164,0.764412,534428928.052947
185.4375,0.878978,1.121556,324.3164,0.778272,534428928.053031
186.0469,0.878978,1.121556,324.3164,0.792841,534428928.05305
186.5,0.878978,1.121556,324.3164,0.750452,534428928.053067
186.9688,0.878978,1.121556,324.5156,0.738922,534428928.053089
187.375,0.878978,1.121556,324.9141,0.728117,534428928.053104
187.7031,0.878978,1.121556,325.5117,0.740348,534428928.069594
187.9688,0.878978,1.121556,326.0391,0.723397,534428928.069672
188.1563,0.878978,1.121556,326.7773,0.709024,534428928.069694
188.2344,0.878978,1.121556,327.5625,0.713263,534428928.069711
188.2969,0.878978,1.121556,328.3594,0.725267,534428928.085871
188.2969,0.878978,1.121556,329.3555,0.668191,534428928.085958
188.2969,0.878978,1.121556,330.3516,0.640453,534428928.085978
188.0938,0.878978,1.121556,331.2891,0.617897,534428928.085993
187.5625,0.878978,1.121556,332.3438,0.594953,534428928.102224
186.9063,0.878978,1.121556,333.5391,0.598388,534428928.102302
186.1719,0.878978,1.121556,334.6055,0.590668,534428928.102318
185.3125,0.878978,1.121556,335.7305,0.571982,534428928.102334
184.1875,0.878978,1.121556,337.125,0.630501,534428928.118502
183.1875,0.878978,1.121556,338.3203,0.657047,534428928.118581
182.2656,0.878978,1.121556,339.5156,0.682398,534428928.118599
181.2031,0.878978,1.121556,340.8398,0.727883,534428928.118615
180.2656,0.878978,1.121556,341.9648,0.751486,534428928.134393
179.2031,0.878978,1.121556,343.3594,0.780819,534428928.134486
178.3438,0.878978,1.121556,344.6836,0.783786,534428928.134508
177.8125,0.878978,1.121556,345.75,0.799903,534428928.134525
177.1563,0.878978,1.121556,347.0742,0.806889,534428928.150169
176.75,0.878978,1.121556,348.1406,0.831675,534428928.150262
176.5469,0.878978,1.121556,349.1367,0.840478,534428928.150289
176.4219,0.878978,1.121556,350.0625,0.87154,534428928.150335
176.4219,0.878978,1.121556,351.1172,0.88349,534428928.166144
176.4219,0.878978,1.121556,351.7852,0.903426,534428928.166246
176.75,0.878978,1.121556,352.4531,0.973921,534428928.166277
177.5469,0.878978,1.121556,353.1094,1.011266,534428928.1663
178.5469,0.878978,1.121556,353.5781,1.056998,534428928.182804
179.875,0.878978,1.121556,354.0469,1.076013,534428928.182915
181.3281,0.878978,1.121556,354.3047,1.066712,534428928.182937
182.9219,0.878978,1.121556,354.5039,1.084906,534428928.182955
185.0469,0.878978,1.121556,354.5742,1.109982,534428928.199242
187.4375,0.878978,1.121556,354.5742,1.003232,534428928.19932
189.8906,0.878978,1.121556,354.5742,0.95608,534428928.19936
192.2813,0.878978,1.121556,354.5742,0.937262,534428928.199377
195.0625,0.878978,1.121556,354.5742,0.91736,534428928.216602
197.7188,0.878978,1.121556,354.5039,0.928928,534428928.216681
200.6406,0.878978,1.121556,354.3047,0.938633,534428928.216698
203.625,0.878978,1.121556,354.0469,0.946785,534428928.216715
206.6094,0.878978,1.121556,353.5078,0,534428928.217251
256.7031,0.796825,1.118519,326.9063,0.333333,534428928.951869
256.2344,0.796825,1.118519,326.9648,0.333333,534428928.990654
255.9688,0.796825,1.118519,326.9648,0.333333,534428928.990872
255.9063,0.796825,1.118519,326.9648,0.333333,534428929.016095
255.7813,0.796825,1.118519,326.9648,0.333333,534428929.016334
255.7031,0.796825,1.118519,326.9648,0.333333,534428929.016517
255.5781,0.796825,1.118519,326.9648,0.333333,534428929.016592
255.4375,0.796825,1.118519,326.9648,0.386975,534428929.016855
255.375,0.796825,1.118519,326.9648,0.428642,534428929.016912
255.25,0.796825,1.118519,326.9648,0.461975,534428929.017037
255.25,0.796825,1.118519,326.9648,0.480204,534428929.017139
255.1719,0.796825,1.118519,326.9648,0.513537,534428929.044882
255.1719,0.796825,1.118519,326.9063,0.546871,534428929.045013
255.1094,0.796825,1.118519,326.8359,0.576037,534428929.045177
255.1094,0.796825,1.118519,326.5781,0.617704,534428929.045232
255.0469,0.796825,1.118519,326.3086,0.642704,534428929.045282
255.0469,0.796825,1.118519,325.9805,0.684371,534428929.045334
255.0469,0.796825,1.118519,325.5117,0.741144,534428929.045592
255.0469,0.796825,1.118519,325.043,0.797917,534428929.045639
255.0469,0.796825,1.118519,324.6445,0.83125,534428929.045684
255.0469,0.796825,1.118519,324.1172,0.872917,534428929.069988
255.1719,0.796825,1.118519,323.6484,0.90625,534428929.070091
255.5156,0.796825,1.118519,323.1211,0.985938,534428929.070134
255.8438,0.796825,1.118519,322.5938,0.96979,534428929.070175
256.3125,0.796825,1.118519,321.9961,0.978382,534428929.070248
256.7656,0.796825,1.118519,321.4688,0.986975,534428929.070283
257.375,0.796825,1.118519,320.8711,0.94396,534428929.070318
258.0313,0.796825,1.118519,320.2031,0.926086,534428929.070349
258.7656,0.796825,1.118519,319.5352,0.93964,534428929.088362
259.4844,0.796825,1.118519,318.9375,0.941408,534428929.088457
260.2188,0.796825,1.118519,318.3398,0.937776,534428929.088489
261.0156,0.796825,1.118519,317.8125,0.927089,534428929.088515
261.875,0.796825,1.118519,317.2852,0.950466,534428929.10508
262.75,0.796825,1.118519,316.8164,0.993083,534428929.105171
263.6719,0.796825,1.118519,316.418,1.008167,534428929.105197
264.5313,0.796825,1.118519,316.0898,1.013306,534428929.105221
265.4688,0.796825,1.118519,315.8906,1.024773,534428929.121297
266.1875,0.796825,1.118519,315.7617,1.041105,534428929.121398
267.0625,0.796825,1.118519,315.6914,1.053299,534428929.121421
267.7188,0.796825,1.118519,315.6211,1.058747,534428929.121441
268.4531,0.796825,1.118519,315.6211,1.070445,534428929.136502
269.1094,0.796825,1.118519,315.6211,1.055292,534428929.136585
269.6406,0.796825,1.118519,315.8203,1.066924,534428929.136604
270.0469,0.796825,1.118519,316.2188,1.087481,534428929.136636
270.375,0.796825,1.118519,316.8164,1.104331,534428929.152519
270.5,0.796825,1.118519,317.4844,1.090905,534428929.152621
270.5781,0.796825,1.118519,318.3398,1.077479,534428929.152648
270.5781,0.796825,1.118519,319.207,1.090597,534428929.152668
270.5781,0.796825,1.118519,320.1328,1.066535,534428929.169022
270.3125,0.796825,1.118519,321.1289,1.039219,534428929.169107
269.6406,0.796825,1.118519,322.1953,1.049532,534428929.16913
268.9063,0.796825,1.118519,323.3906,1.051421,534428929.184989
268.25,0.796825,1.118519,324.4453,1.057872,534428929.185064
267.4531,0.796825,1.118519,325.582,1.058296,534428929.185082
266.7188,0.796825,1.118519,326.707,1.061782,534428929.1851
266.0625,0.796825,1.118519,327.6328,1.058029,534428929.185116
265.4688,0.796825,1.118519,328.6289,1.060512,534428929.200789
264.9375,0.796825,1.118519,329.4961,1.056735,534428929.200866
264.4063,0.796825,1.118519,330.293,1.070201,534428929.200883
264.1406,0.796825,1.118519,330.8906,1.059273,534428929.200925
263.7969,0.796825,1.118519,331.4883,1.061397,534428929.216395
263.6094,0.796825,1.118519,331.9453,1.063767,534428929.216499
263.4688,0.796825,1.118519,332.2734,1.031222,534428929.216529
263.4688,0.796825,1.118519,332.543,1.03194,534428929.21655
263.4688,0.796825,1.118519,332.8125,1.033278,534428929.23334
263.4688,0.796825,1.118519,332.9414,1.035827,534428929.233429
263.5313,0.796825,1.118519,333.0117,1.037174,534428929.233499
264,0.796825,1.118519,333.0117,1.039203,534428929.233517
264.5938,0.796825,1.118519,333.0117,1.041003,534428929.250047
265.4688,0.796825,1.118519,333.0117,0.999968,534428929.250148
266.3281,0.796825,1.118519,333.0117,0.958932,534428929.250167
267.25,0.796825,1.118519,333.0117,0.952161,534428929.250183
268.3125,0.796825,1.118519,333.0117,0.947918,534428929.265934
269.3125,0.79771,1.118519,333.0117,0.921137,534428929.266242
270.1719,0.79858,1.118519,333.0117,0.913582,534428929.266261
271.2969,0.799526,1.118519,333.0117,0.906827,534428929.266276
272.2969,0.800487,1.118519,333.2109,0.898391,534428929.282935
273.2188,0.801448,1.118519,333.5391,0.889491,534428929.28307
274.2188,0.802486,1.118519,334.0078,0.882344,534428929.283115
275.0781,0.803462,1.118519,334.4648,0.874131,534428929.283182
276.0156,0.804378,1.118519,335.1328,0.865236,534428929.300643
276.875,0.805339,1.118519,335.8008,0.857971,534428929.300756
277.7344,0.8063,1.118519,336.5273,0.850642,534428929.300778
278.4688,0.807231,1.118519,337.2539,0.843371,534428929.300799
279.2656,0.80804,1.118519,338.0508,0.872601,534428929.316571
279.8594,0.808742,1.118519,338.7773,0.901831,534428929.316686
280.3281,0.809337,1.118519,339.5156,0.898249,534428929.316737
280.7969,0.809841,1.118519,340.3711,1.003504,534428929.316773
281.0625,0.810161,1.118519,341.0977,1.061052,534428929.333162
281.25,0.810253,1.118519,341.8359,1.091361,534428929.333247
281.3281,0.810253,1.118519,342.5625,1.129721,534428929.333267
281.3281,0.810253,1.118519,343.2305,1.213333,534428929.333293
281.3281,0.810253,1.118519,343.957,1.269378,534428929.349122
281.3281,0.810253,1.118519,344.6836,1.321721,534428929.349198
280.7969,0.810253,1.118519,345.4219,1.349942,534428929.349217
280.1875,0.810253,1.118519,346.0781,1.407212,534428929.349238
279.3906,0.810253,1.118519,346.875,1.471489,534428929.365675
278.4688,0.810253,1.118519,347.543,1.496795,534428929.365759
277.2656,0.810253,1.118519,348.3398,1.495639,534428929.36578
275.9531,0.810253,1.118519,349.1367,1.516677,534428929.365797
274.3594,0.810253,1.118519,349.9336,1.563948,534428929.382454
272.6875,0.810253,1.118519,350.6602,1.594544,534428929.382548
270.9063,0.810253,1.118519,351.5156,1.549343,534428929.382579
269.25,0.810253,1.118519,352.2539,1.540268,534428929.382597
267.3281,0.810253,1.118519,353.1094,1.536723,534428929.399627
265.5313,0.810253,1.118519,353.8477,1.408783,534428929.399734
263.7344,0.810253,1.118519,354.6445,1.347274,534428929.399755
262.2188,0.810253,1.118519,355.4297,1.323204,534428929.399772
260.625,0.810253,1.118519,356.168,1.306066,534428929.417121
259.4219,0.810253,1.118519,356.8242,1.064518,534428929.417208
258.1563,0.811412,1.118519,357.5625,0.925334,534428929.417229
257.2344,0.812984,1.118519,358.1602,0.850787,534428929.417249
256.5781,0.814494,1.118519,358.6875,0.504302,534428929.433093
256.1719,0.81599,1.118519,359.2148,0.318559,534428929.433188
255.7813,0.817546,1.118519,359.9414,0,534428929.433926
327.4375,0.861812,1.190953,320.8008,0.333333,534428929.99443
327.4375,0.861812,1.190953,320.7305,0.333333,534428930.021475
327.5625,0.861812,1.190953,320.2734,0.333333,534428930.050906
327.7656,0.861812,1.190953,320.0742,0.333333,534428930.05103
328.0313,0.861812,1.190953,319.9336,0.333333,534428930.051072
328.2969,0.861812,1.190953,319.8047,0.333333,534428930.051131
328.5625,0.861812,1.190953,319.6758,0.333333,534428930.051177
328.8281,0.861812,1.190953,319.6055,0.333333,534428930.05123
329.1563,0.861812,1.190953,319.4766,0.333333,534428930.051287
329.4219,0.861812,1.190953,319.4063,0.333333,534428930.066635
329.8281,0.861812,1.190953,319.4063,0.333333,534428930.066751
330.2188,0.861812,1.190953,319.4063,0.333333,534428930.066845
330.5469,0.861812,1.190953,319.4063,0.333333,534428930.066924
330.8906,0.861812,1.190953,319.6055,0.333333,534428930.066979
331.1563,0.861812,1.190953,320.0742,0.333333,534428930.067038
331.4219,0.861812,1.190953,320.5313,0.333333,534428930.067086
331.5469,0.861812,1.190953,321.1992,0.489076,534428930.067142
331.6875,0.861812,1.190953,322.0664,0.54965,534428930.085742
331.75,0.861812,1.190953,323.0508,0.593424,534428930.085841
331.75,0.861812,1.190953,324.1172,0.633344,534428930.085868
331.75,0.861812,1.190953,325.3125,0.648756,534428930.085898
331.75,0.861812,1.190953,326.5078,0.644511,534428930.085923
331.75,0.861812,1.190953,327.9609,0.661001,534428930.105323
331.6875,0.861812,1.190953,329.5547,0.667656,534428930.105557
331.4219,0.861812,1.190953,331.0898,0.679528,534428930.105586
331.2188,0.861812,1.190953,332.2734,0.691608,534428930.105612
330.9531,0.861812,1.190953,333.9375,0.701679,534428930.121731
330.75,0.861812,1.190953,335.2031,0.703964,534428930.121814
330.5469,0.861812,1.190953,336.5859,0.724987,534428930.121836
330.4219,0.861812,1.190953,337.9805,0.732785,534428930.121857
330.3594,0.861812,1.190953,339.1758,0.744846,534428930.13803
330.2813,0.861812,1.190953,340.3125,0.756229,534428930.138151
330.2813,0.861812,1.190953,341.4375,0.775967,534428930.138182
330.2813,0.861812,1.190953,342.4336,0.787988,534428930.138202
330.2813,0.861812,1.190953,343.4297,0.801715,534428930.154191
330.2813,0.861812,1.190953,344.3555,0.815958,534428930.154299
330.3594,0.861812,1.190953,345.2227,0.827568,534428930.154333
330.4844,0.861812,1.190953,345.9492,0.843322,534428930.154378
330.625,0.861812,1.190953,346.7461,0.855509,534428930.170426
330.75,0.861812,1.190953,347.4023,0.870315,534428930.170509
330.8125,0.861812,1.190953,348,0.885214,534428930.17053
330.9531,0.861812,1.190953,348.4688,0.892778,534428930.170605
331.0781,0.861812,1.190953,348.9375,0.907334,534428930.186579
331.2188,0.861812,1.190953,349.3359,0.932126,534428930.18674
331.3438,0.861812,1.190953,349.7344,0.944407,534428930.186761
331.4844,0.861812,1.190953,350.0625,0.957041,534428930.186783
331.6875,0.861812,1.190953,350.332,0.972478,534428930.202868
332.0156,0.861812,1.190953,350.5195,0.956355,534428930.202952
332.4063,0.861812,1.190953,350.7188,0.940232,534428930.202975
332.8125,0.861812,1.190953,350.8594,0.951832,534428930.202994
333.3438,0.861812,1.190953,350.918,0.963128,534428930.218757
333.9375,0.861812,1.190953,350.918,0.973237,534428930.21884
334.7344,0.861812,1.190953,350.918,0.987152,534428930.218859
335.5938,0.861812,1.190953,350.918,1.025791,534428930.218875
336.5938,0.861812,1.190953,350.918,1.034828,534428930.234421
337.5938,0.861812,1.190953,350.918,1.042899,534428930.234497
338.6406,0.861812,1.190953,350.8594,1.051626,534428930.234514
339.6406,0.861812,1.190953,350.7188,1.057773,534428930.23453
340.8438,0.861812,1.190953,350.5195,1.06338,534428930.2506
341.9688,0.861812,1.190953,350.2617,1.070871,534428930.250706
343.1563,0.861812,1.190953,350.0625,1.118602,534428930.250724
344.2813,0.861812,1.190953,349.8633,1.19496,534428930.257997
345.5469,0.861812,1.190953,349.6641,1.241057,534428930.272066
346.6719,0.861812,1.190953,349.4648,1.297252,534428930.272144
347.875,0.861812,1.190953,349.3359,1.220161,534428930.272163
348.9375,0.861812,1.190953,349.1953,1.187772,534428930.272179
350,0.861812,1.190953,349.1367,1.183726,534428930.282457
350.9219,0.861812,1.190953,349.0664,1.17968,534428930.282537
351.6563,0.861812,1.190953,348.9961,0.967701,534428930.282582
352.3125,0.861812,1.190953,348.9375,0.859265,534428930.2826
352.9844,0.861812,1.190953,348.9375,0.795113,534428930.299776
353.3125,0.861812,1.190953,348.9375,0.559153,534428930.299869
353.6406,0.861812,1.190953,348.9375,0.417973,534428930.299887
353.8438,0.861812,1.190953,348.9375,0.33343,534428930.299908
353.9063,0.861812,1.190953,348.9375,0.262027,534428930.316431
353.9063,0.861812,1.190953,348.9375,0.142732,534428930.316553
353.9063,0.861812,1.190953,348.9375,0.058085,534428930.316572
353.5781,0.861812,1.190953,348.9375,0,534428930.316587
353.1094,0.861812,1.190953,348.9375,0,534428930.330823
352.3125,0.861812,1.190953,348.7383,0,534428930.331436
340.5,0.887889,1.153569,338.25,0.333333,534428930.464587
340.3125,0.887889,1.153569,338.1211,0.423958,534428930.500996
340.5,0.887889,1.153569,338.1211,0.481771,534428930.501132
340.7656,0.887889,1.153569,338.5195,0.539583,534428930.501162
340.9063,0.887889,1.153569,338.9766,0.572917,534428930.501188
341.0313,0.887889,1.153569,339.7148,0.641667,534428930.534291
341.1719,0.887889,1.153569,340.4414,0.710417,534428930.534381
341.375,0.887889,1.153569,341.2969,0.752083,534428930.534408
341.5,0.887889,1.153569,342.2344,0.807813,534428930.534437
341.7031,0.887889,1.153569,343.4883,0.863542,534428930.534476
341.7656,0.887889,1.153569,344.6836,0.896875,534428930.534502
341.9063,0.887889,1.153569,346.0078,0.930208,534428930.534524
341.9688,0.887889,1.153569,347.2031,0.939581,534428930.534552
342.0938,0.887889,1.153569,348.5391,0.957287,534428930.552473
342.2344,0.887889,1.153569,349.793,0.990621,534428930.552566
342.4375,0.887889,1.153569,351.1172,1.023954,534428930.552592
342.5625,0.887889,1.153569,352.2539,1.032548,534428930.552646
342.8281,0.887889,1.153569,353.707,1.041142,534428930.571509
343.0313,0.887889,1.153569,354.7734,1.074475,534428930.571602
343.2188,0.887889,1.153569,355.9688,0.962111,534428930.571631
343.4219,0.887889,1.153569,357.1641,0.917413,534428930.571655
343.75,0.887889,1.153569,358.3594,0.891442,534428930.588974
344.0156,0.887889,1.153569,359.5547,0.88941,534428930.589063
344.4844,0.887889,1.153569,360.8086,0.615125,534428930.589094
344.8906,0.887889,1.153569,361.9336,0.478486,534428930.589121
345.75,0.887889,1.153569,363.2695,0,534428930.589891
405.5938,0.803462,1.218068,321.7969,0.333333,534428931.098642
405.0625,0.803462,1.218068,321.7266,0.333333,534428931.142718
404.7344,0.803462,1.218068,321.668,0.333333,534428931.143932
404.3281,0.803462,1.218068,321.5977,0.333333,534428931.144443
404,0.803462,1.218068,321.5273,0.192969,534428931.14459
403.4688,0.803462,1.218068,321.5273,0.108273,534428931.169882
402.9375,0.803462,1.218068,321.5273,0.063704,534428931.170014
402.3438,0.803462,1.218068,321.5273,0.018023,534428931.170063
401.8125,0.803462,1.218068,321.4688,0.01469,534428931.170108
401.1563,0.803462,1.218068,321.4688,0,534428931.170164
400.5469,0.803462,1.218068,321.4688,0,534428931.170209
399.9531,0.803462,1.218068,321.3984,0,534428931.170253
399.4219,0.803462,1.218068,321.3984,0,534428931.170297
398.5625,0.803462,1.218068,321.1289,0,534428931.173889
393.7188,0.803462,1.218068,319.6758,0.333333,534428931.292005
393.7188,0.803462,1.218068,319.6758,0.333333,534428931.320871
393.7813,0.803462,1.218068,319.6055,0.333333,534428931.321117
394.0469,0.803462,1.218068,319.4063,0.333333,534428931.321333
394.5156,0.803462,1.218068,319.0781,0.385947,534428931.321612
395.0469,0.803462,1.218068,318.8789,0.416485,534428931.34214
395.6406,0.803462,1.218068,318.6094,0.447022,534428931.342292
396.3125,0.803462,1.218068,318.4102,0.455484,534428931.342401
397.1094,0.803462,1.218068,318.2109,0.552549,534428931.342468
397.9688,0.803462,1.218068,318.0117,0.604394,534428931.342523
398.9531,0.803462,1.218068,317.8828,0.669489,534428931.370234
399.8906,0.803462,1.218068,317.7422,0.668777,534428931.370345
400.8906,0.803462,1.218068,317.6133,0.668065,534428931.37038
401.6094,0.803462,1.218068,317.4844,0.690909,534428931.37042
402.5469,0.803462,1.218068,317.3555,0.719464,534428931.370452
403.4063,0.803462,1.218068,317.2852,0.742307,534428931.370485
404.2031,0.803462,1.218068,317.1563,0.765151,534428931.370557
405,0.803569,1.218068,317.0156,0.787995,534428931.370606
405.8594,0.803951,1.218068,316.8867,0.771486,534428931.388515
406.5938,0.804347,1.218068,316.7578,0.775278,534428931.388637
407.3906,0.804759,1.218068,316.6172,0.799445,534428931.388669
408.1875,0.805171,1.218068,316.418,0.813945,534428931.388698
408.9063,0.805553,1.218068,316.2891,0.80185,534428931.404736
409.5781,0.805919,1.218068,316.0898,0.820344,534428931.404824
410.3125,0.8063,1.218068,315.9609,0.838838,534428931.404851
410.8438,0.806697,1.218068,315.7617,0.855638,534428931.404876
411.375,0.807002,1.218068,315.6211,0.833296,534428931.420676
411.7656,0.807277,1.218068,315.4922,0.807459,534428931.420833
412.0313,0.807506,1.218068,315.3633,0.815446,534428931.420866
412.2344,0.807659,1.218068,315.2227,0.793054,534428931.420955
412.2969,0.80775,1.218068,315.0938,0.802246,534428931.436482
412.2969,0.807842,1.218068,315.0234,0.812229,534428931.436581
412.2969,0.807887,1.218068,314.8945,0.818152,534428931.436633
412.2969,0.807887,1.218068,314.8242,0.824938,534428931.436651
411.7656,0.807887,1.218068,314.7656,0.832937,534428931.45325
411.1719,0.807887,1.218068,314.7656,0.840203,534428931.453329
410.2344,0.807887,1.218068,314.7656,0.818711,534428931.453355
409.3125,0.807887,1.218068,314.7656,0.797218,534428931.453375
408.25,0.807887,1.218068,314.7656,0.799663,534428931.470287
407.0625,0.807887,1.218068,314.9648,0.803544,534428931.47038
405.5938,0.807918,1.218068,315.293,0.780543,534428931.470402
404.4063,0.807979,1.218068,315.6211,0.757543,534428931.470423
402.75,0.808025,1.218068,316.0195,0.759358,534428931.486323
401.2188,0.808025,1.218068,316.3594,0.761165,534428931.486439
399.8281,0.808025,1.218068,316.7578,0.702844,534428931.486459
398.1719,0.808025,1.218068,317.1563,0.673269,534428931.486478
396.5,0.808025,1.218068,317.543,0.635759,534428931.502175
395.0469,0.808025,1.218068,318.0117,0.654012,534428931.502252
393.5156,0.808025,1.218068,318.4102,0.668111,534428931.50227
392.3906,0.808025,1.218068,318.8086,0.661156,534428931.502288
391.0625,0.808025,1.218068,319.2773,0.643343,534428931.518164
390,0.808025,1.218068,319.6758,0.711657,534428931.518236
389.0781,0.808025,1.218068,320.1328,0.742812,534428931.518255
388.4844,0.808025,1.218068,320.4727,0.773967,534428931.518274
387.9531,0.808025,1.218068,320.9297,0.775067,534428931.533955
387.6094,0.808025,1.218068,321.3984,0.774077,534428931.534035
387.4219,0.808025,1.218068,321.9258,0.777478,534428931.534052
387.4219,0.808025,1.218068,322.3242,0.777811,534428931.534074
387.4219,0.808025,1.218068,322.8516,0.745664,534428931.549862
387.4844,0.808025,1.218068,323.3203,0.747742,534428931.549969
388.1406,0.808025,1.218068,323.7891,0.756189,534428931.550004
388.875,0.808025,1.218068,324.1875,0.760275,534428931.550045
389.875,0.808025,1.218068,324.5859,0.766381,534428931.567241
390.9375,0.808025,1.218068,324.9141,0.771366,534428931.567323
392.3906,0.808025,1.218068,325.3125,0.778226,534428931.568153
393.5938,0.808025,1.218068,325.582,0.810339,534428931.568186
395.375,0.808025,1.218068,325.9805,0.84021,534428931.576971
397.0313,0.808025,1.218068,326.3086,0.84505,534428931.58499
398.8906,0.808025,1.218068,326.6367,0.842735,534428931.593829
400.8906,0.808025,1.218068,327.1055,0.87768,534428931.601786
402.6719,0.808025,1.218068,327.5625,0.912902,534428931.601864
404.5313,0.808025,1.218068,328.1016,0.918019,534428931.601883
406.3906,0.808025,1.218068,328.7578,0.889226,534428931.61962
408.0469,0.808025,1.218068,329.4961,0.860432,534428931.619701
409.8438,0.808025,1.218068,330.293,0.871449,534428931.619718
411.375,0.808025,1.218068,331.1484,0.885464,534428931.619735
412.8906,0.808025,1.218068,332.0742,0.840645,534428931.619751
414.0156,0.808025,1.218068,332.8711,0.82033,534428931.619767
415.4219,0.808025,1.218068,334.0078,0.801199,534428931.636432
416.3438,0.808025,1.218068,334.8047,0.805729,534428931.63651
417.2813,0.80949,1.218068,335.8008,0.808107,534428931.636528
418.0625,0.812038,1.218068,336.6563,0.811074,534428931.636544
418.7969,0.814449,1.218068,337.582,0.803385,534428931.653074
419.3281,0.816615,1.218068,338.3789,0.837346,534428931.653153
419.7344,0.818553,1.218068,339.2461,0.871307,534428931.653173
419.9219,0.820232,1.218068,339.9141,0.862477,534428931.653199
420.0625,0.821636,1.218068,340.7109,0.859332,534428931.669782
420.0625,0.822749,1.218068,341.4375,0.93875,534428931.669865
420.0625,0.823451,1.218068,342.0938,0.979979,534428931.669883
419.9219,0.823726,1.218068,342.6914,1.005139,534428931.669899
419.2031,0.823726,1.218068,343.4297,1.030299,534428931.686584
418.3281,0.823726,1.218068,343.957,1.10336,534428931.686665
417.2031,0.823726,1.218068,344.5547,1.149926,534428931.686683
415.75,0.823726,1.218068,345.1523,1.185901,534428931.686702
414.0156,0.823726,1.218068,345.6797,1.245411,534428931.702946
412.1719,0.823726,1.218068,346.207,1.274515,534428931.703025
409.8438,0.823726,1.218068,346.7461,1.297803,534428931.703042
407.9844,0.823726,1.218068,347.2031,1.334538,534428931.703058
405.3281,0.823726,1.218068,347.7422,1.367152,534428931.71927
403.0156,0.823726,1.218068,348.1992,1.407585,534428931.71935
400.5469,0.823726,1.218068,348.668,1.435712,534428931.719368
398.625,0.823726,1.218068,349.0664,1.388113,534428931.719384
396.0469,0.823726,1.218068,349.5938,1.375921,534428931.735427
394.3125,0.823726,1.218068,349.9336,1.375646,534428931.735506
392.3906,0.823726,1.218068,350.332,1.380805,534428931.735524
390.8594,0.823726,1.218068,350.7188,1.185697,534428931.73554
389.4688,0.823726,1.218068,351.0586,1.09255,534428931.75201
388.2813,0.823726,1.218068,351.457,1.035735,534428931.75211
387.2813,0.823726,1.218068,351.8555,0.788674,534428931.75213
386.6875,0.823726,1.218068,352.1836,0.646841,534428931.76928
386.3594,0.823726,1.218068,352.6523,0.560539,534428931.769353
386.2813,0.823726,1.218068,353.0508,0.489848,534428931.76938
386.2813,0.823726,1.218068,353.5781,0.290757,534428931.769399
387.0156,0.823726,1.218068,353.9766,0.174545,534428931.769416
388.75,0.823726,1.218068,354.6445,0,534428931.76996
481.9063,0.862209,1.219594,315.2227,0.333333,534428932.344673
482.1719,0.862209,1.219594,314.625,0.333333,534428932.383047
482.4375,0.862209,1.219594,314.168,0.333333,534428932.406859
482.7656,0.862209,1.219594,313.7695,0.333333,534428932.407368
483.0313,0.862209,1.219594,313.4297,0.333333,534428932.426223
483.2344,0.862209,1.219594,313.1016,0.333333,534428932.426316
483.2969,0.862209,1.219594,312.832,0.333333,534428932.426336
483.2969,0.862209,1.219594,312.5742,0.333333,534428932.426358
483.2969,0.862209,1.219594,312.375,0.333333,534428932.426386
483.2969,0.862209,1.219594,312.1055,0.333333,534428932.42641
483.0313,0.862209,1.219594,311.9766,0.294948,534428932.426427
482.5,0.862209,1.219594,311.8477,0.256192,534428932.426448
481.9688,0.862209,1.219594,311.7773,0.255451,534428932.434753
481.2344,0.862209,1.219594,311.7773,0.405414,534428932.434932
480.5,0.862209,1.219594,311.7773,0.486336,534428932.434954
479.4375,0.862209,1.219594,311.7773,0.543656,534428932.434974
478.5156,0.862209,1.219594,312.0469,0.525325,534428932.434991
477.4531,0.862209,1.219594,312.4453,0.543596,534428932.435012
476.3906,0.862209,1.219594,312.9023,0.561868,534428932.435028
475.0625,0.862209,1.219594,313.6289,0.58014,534428932.435045
474.1406,0.862209,1.219594,314.2969,0.598412,534428932.43506
473.0156,0.862209,1.219594,315.0938,0.621252,534428932.435076
471.875,0.862209,1.219594,316.0195,0.621857,534428932.435093
470.9531,0.862209,1.219594,316.957,0.643823,534428932.451559
469.8906,0.862209,1.219594,318.1406,0.660319,534428932.451631
468.9688,0.862209,1.219594,319.3359,0.676289,534428932.451651
468.2344,0.862209,1.219594,320.332,0.692671,534428932.451666
467.2969,0.862209,1.219594,321.8672,0.744026,534428932.468625
466.5781,0.862209,1.219594,323.3203,0.791177,534428932.468699
465.9063,0.862209,1.219594,324.9141,0.805423,534428932.468718
465.375,0.862209,1.219594,326.5078,0.800761,534428932.468734
464.8438,0.862209,1.219594,328.3594,0.819139,534428932.484436
464.4531,0.862209,1.219594,330.1523,0.836829,534428932.484513
464.25,0.862209,1.219594,332.0156,0.863637,534428932.484531
464.125,0.862209,1.219594,333.668,0.840273,534428932.484548
464.125,0.862209,1.219594,335.4609,0.864598,534428932.500321
464.125,0.862209,1.219594,336.9844,0.883,534428932.500409
464.3125,0.862209,1.219594,338.5781,0.886949,534428932.500428
464.7188,0.862209,1.219594,339.7734,0.904297,534428932.500445
465.3125,0.862209,1.219594,341.168,0.925279,534428932.516425
465.9688,0.862209,1.219594,342.3633,0.942391,534428932.516549
466.7656,0.862209,1.219594,343.6875,0.947402,534428932.516582
467.4375,0.862209,1.219594,344.625,0.963362,534428932.516604
468.4375,0.862209,1.219594,345.75,0.974131,534428932.534922
469.1563,0.862209,1.219594,346.5469,0.98904,534428932.534999
470.1563,0.862209,1.219594,347.3438,0.974517,534428932.535018
471.0156,0.862209,1.219594,347.9414,0.95403,534428932.543275
472.0781,0.862209,1.219594,348.4688,0.962766,534428932.551682
473.1406,0.862209,1.219594,348.8672,0.980348,534428932.551755
474.2656,0.862209,1.219594,349.1367,0.989761,534428932.551773
475.3906,0.862209,1.219594,349.1953,0.999594,534428932.55179
476.7188,0.862209,1.219594,349.1953,1.011264,534428932.568733
477.9844,0.862209,1.219594,349.1953,1.061796,534428932.568808
479.25,0.862209,1.219594,349.1953,1.072681,534428932.568825
480.4375,0.862209,1.219594,348.9375,1.083609,534428932.568841
481.7031,0.862209,1.219594,348.4688,1.064331,534428932.585129
482.8281,0.862209,1.219594,348,1.075198,534428932.585205
483.8906,0.862209,1.219594,347.4727,1.088213,534428932.585223
484.8125,0.862209,1.219594,346.875,1.096234,534428932.585239
485.6875,0.862209,1.219594,346.1484,1.06931,534428932.601385
486.4063,0.862209,1.219594,345.4219,1.040309,534428932.60146
486.9375,0.862209,1.219594,344.5547,1.048191,534428932.601481
487.3438,0.862209,1.219594,343.8867,1.056367,534428932.601499
487.6094,0.862209,1.219594,343.0313,1.063548,534428932.617601
487.6719,0.862209,1.219594,342.0938,1.070823,534428932.617683
487.6719,0.862209,1.219594,341.168,1.075977,534428932.6177
487.6719,0.862209,1.219594,340.2422,1.117679,534428932.617716
487.1406,0.862209,1.219594,339.2461,1.122006,534428932.634101
486.4844,0.862209,1.219594,338.3203,1.128207,534428932.634207
485.5469,0.862209,1.219594,337.3242,1.128255,534428932.634226
484.4219,0.862209,1.219594,336.3281,1.095227,534428932.634244
483.0313,0.862209,1.219594,335.4023,1.097765,534428932.651126
481.5,0.862209,1.219594,334.6055,1.101458,534428932.651202
479.5156,0.862209,1.219594,333.8672,1.021781,534428932.651221
477.8594,0.862209,1.219594,333.4102,0.981592,534428932.651238
475.7969,0.862209,1.219594,332.9414,0.939602,534428932.667554
473.8125,0.862209,1.219594,332.6133,0.937683,534428932.667646
471.6875,0.862209,1.219594,332.4141,0.907651,534428932.667686
469.8281,0.862209,1.219594,332.3438,0.875132,534428932.667716
467.8281,0.862209,1.219594,332.3438,0.867982,534428932.684757
466.1094,0.862209,1.219594,332.3438,0.860832,534428932.684833
464.5156,0.862209,1.219594,332.3438,0.838907,534428932.684851
462.9219,0.862209,1.219594,332.8125,0.83186,534428932.684867
461.6563,0.862209,1.219594,333.2695,0.794047,534428932.701459
460.5313,0.862209,1.219594,333.8086,0.740796,534428932.701537
459.5469,0.862209,1.219594,334.5352,0.725492,534428932.701563
458.875,0.862209,1.219594,335.0625,0.703092,534428932.70158
458.3438,0.862209,1.219594,335.8594,0.682037,534428932.718113
458.0781,0.862209,1.219594,336.6563,0.5221,534428932.718192
458.0781,0.862209,1.219594,337.6523,0.429271,534428932.71821
458.0781,0.862209,1.219594,338.5781,0.366646,534428932.718232
459.2031,0.862209,1.219594,339.8438,0,534428932.718796
528.2188,0.867397,1.282857,312.4453,0.333333,534428933.55053
528.1406,0.867397,1.282857,312.0469,0.333333,534428933.593329
528.0781,0.867397,1.282857,311.8477,0.333333,534428933.593549
528.0781,0.867397,1.282857,311.6484,0.292188,534428933.593686
528.0781,0.867397,1.282857,311.4492,0.292188,534428933.630336
528.2813,0.867397,1.282857,311.3789,0.292188,534428933.630859
528.8125,0.867397,1.282857,311.25,0.385089,534428933.631088
529.3438,0.867397,1.282857,311.1797,0.440002,534428933.6312
530.2656,0.867397,1.282857,311.0508,0.494915,534428933.631267
531.2031,0.867397,1.282857,310.9805,0.517479,534428933.631321
532.3906,0.867397,1.282857,310.9102,0.583085,534428933.631368
533.8594,0.867397,1.282857,310.8516,0.634002,534428933.631419
535.5156,0.867397,1.282857,310.7813,0.670725,534428933.655001
537.1719,0.867397,1.282857,310.7109,0.700103,534428933.655234
539.0313,0.867397,1.282857,310.6523,0.729481,534428933.655308
540.8125,0.867397,1.282857,310.582,0.782571,534428933.655363
542.875,0.867397,1.282857,310.582,0.843666,534428933.655411
544.9375,0.867397,1.282857,310.582,0.839759,534428933.655467
546.6563,0.867397,1.282857,310.582,0.851088,534428933.655511
548.4531,0.867397,1.282857,310.582,0.881559,534428933.655555
550.3125,0.867397,1.282857,310.7813,0.870226,534428933.6556
551.9688,0.867397,1.282857,311.1094,0.858893,534428933.655644
553.4219,0.867397,1.282857,311.5078,0.892829,534428933.676023
554.9531,0.867397,1.282857,312.0469,0.913191,534428933.67615
556.2813,0.867397,1.282857,312.6445,0.915478,534428933.676277
557.5469,0.867397,1.282857,313.2305,0.940714,534428933.676305
558.7969,0.867397,1.282857,314.0977,0.960042,534428933.67633
559.6563,0.867397,1.282857,314.8242,0.952193,534428933.676356
560.5938,0.867397,1.282857,315.7617,0.943541,534428933.68493
561.25,0.867397,1.282857,316.7578,0.962948,534428933.685012
561.7813,0.867397,1.282857,317.8828,0.974309,534428933.685133
562.1875,0.867397,1.282857,319.0781,0.932223,534428933.685234
562.3906,0.867397,1.282857,320.5313,0.913615,534428933.703064
562.3906,0.867397,1.282857,321.9961,0.895008,534428933.703169
562.3906,0.867397,1.282857,323.6484,0.882651,534428933.703202
562.25,0.867397,1.282857,325.4414,0.866649,534428933.703228
561.7813,0.867397,1.282857,327.1641,0.871122,534428933.720482
561.1875,0.867397,1.282857,329.0977,0.877045,534428933.720578
560.4531,0.867397,1.282857,331.2891,0.907671,534428933.720607
559.8594,0.867397,1.282857,332.9414,0.938298,534428933.720632
559.125,0.867397,1.282857,335.0039,0.942212,534428933.737795
558.4688,0.867397,1.282857,336.7852,0.942938,534428933.737892
557.875,0.867397,1.282857,338.5781,0.946628,534428933.737916
557.2813,0.867397,1.282857,340.1719,0.944577,534428933.737947
556.6094,0.867397,1.282857,341.7656,0.947394,534428933.754239
556.0156,0.867397,1.282857,343.2891,0.964574,534428933.754402
555.4219,0.867397,1.282857,344.625,0.96443,534428933.754435
554.75,0.867397,1.282857,346.0078,0.968109,534428933.754459
554.2188,0.867397,1.282857,347.2031,0.978446,534428933.771055
553.625,0.867397,1.282857,348.3398,0.915074,534428933.771165
553.0938,0.867397,1.282857,349.3945,0.884847,534428933.771185
552.7656,0.867397,1.282857,350.1914,0.856076,534428933.771214
552.2969,0.867397,1.282857,350.9883,0.860135,534428933.786697
552.0313,0.867397,1.282857,351.5859,0.808561,534428933.786781
551.7656,0.867397,1.282857,352.0547,0.781295,534428933.7868
551.6406,0.867397,1.282857,352.3828,0.743717,534428933.786818
551.5,0.867397,1.282857,352.6523,0.628834,534428933.80321
551.375,0.867397,1.282857,352.8516,0.559311,534428933.803302
551.375,0.867397,1.282857,352.9102,0.512711,534428933.803322
551.2969,0.867397,1.282857,352.9102,0.45728,534428933.803355
551.2969,0.867397,1.282857,352.9102,0.314465,534428933.81985
551.2969,0.867397,1.282857,352.9102,0.224953,534428933.819934
551.2969,0.867397,1.282857,352.7813,0.163818,534428933.819951
551.2969,0.867397,1.282857,352.2539,0.099996,534428933.819968
551.0313,0.867397,1.282857,351.1172,0,534428933.820552
522.5781,0.893001,1.260869,340.043,0.333333,534428933.939886
522.5,0.893001,1.260869,340.043,0.333333,534428933.968216
522.375,0.893001,1.260869,339.9727,0.333333,534428933.96831
522.375,0.893001,1.260869,339.9141,0.333333,534428933.96834
522.7656,0.893001,1.260869,339.9141,0.333333,534428933.968365
523.5,0.893001,1.260869,339.8438,0.45026,534428933.968516
524.4375,0.893001,1.260869,339.8438,0.533724,534428934.000956
525.4219,0.893001,1.260869,339.7734,0.587956,534428934.00105
526.625,0.893001,1.260869,339.7734,0.642188,534428934.001077
527.9531,0.893001,1.260869,339.7148,0.763802,534428934.001109
529.9375,0.893001,1.260869,339.5156,0.841276,534428934.001158
532.0625,0.893001,1.260869,339.2461,0.89668,534428934.001184
534.7188,0.893001,1.260869,338.918,0.94375,534428934.001208
537.7656,0.893001,1.260869,338.5195,0.96875,534428934.001233
541.1563,0.893001,1.260869,337.9805,1.010417,534428934.019229
544.5938,0.893001,1.260869,337.5234,1.04375,534428934.019319
548.3906,0.893001,1.260869,336.9844,1.065629,534428934.019347
552.0313,0.893001,1.260869,336.5273,1.098963,534428934.019381
556.2188,0.893001,1.260869,336,1.140629,534428934.036269
560.2656,0.893001,1.260869,335.6016,1.173963,534428934.03636
564.9688,0.893001,1.260869,335.1328,1.032035,534428934.036384
568.5469,0.893001,1.264561,334.8047,0.977739,534428934.036405
573.5313,0.893001,1.270589,334.4063,0.967257,534428934.053332
577.3125,0.893001,1.274571,334.1367,0.668901,534428934.053412
581.5625,0.893001,1.277455,333.8672,0.502843,534428934.053437
585.9375,0.893001,1.279454,333.6094,0.419792,534428934.053457
589.8594,0.893001,1.280125,333.4688,0.357571,534428934.061355
593.9688,0.893001,1.280644,333.0703,0,534428934.062306
649.2344,0.868663,1.356404,319.9336,0.333333,534428934.58301
649.2969,0.868663,1.356404,319.9336,0.333333,534428934.618754
649.2969,0.868663,1.356404,319.6055,0.333333,534428934.652801
649.2969,0.868663,1.356404,319.3359,0.333333,534428934.653116
649.375,0.868663,1.356404,319.207,0.333333,534428934.677806
649.5,0.868663,1.356404,319.0781,0.333333,534428934.677941
649.6406,0.868663,1.356404,318.9375,0.333333,534428934.678036
649.7031,0.868663,1.356404,318.8789,0.333333,534428934.67809
649.7031,0.868663,1.356404,318.8086,0.333333,534428934.678206
649.7031,0.868663,1.356404,318.7383,0.333333,534428934.678286
649.7031,0.868663,1.356404,318.6797,0.333333,534428934.678451
649.7031,0.868663,1.356404,318.6094,0.333333,534428934.678554
649.7031,0.868663,1.356404,318.4805,0.333333,534428934.678819
649.5625,0.868663,1.356404,318.3398,0.333333,534428934.67888
649.375,0.868663,1.356404,318.2109,0.632029,534428934.679025
649.0313,0.868663,1.356404,318.0117,0.798044,534428934.67908
648.6406,0.868663,1.356404,317.8125,0.897718,534428934.679152
648.1719,0.868663,1.356404,317.6133,0.964221,534428934.679248
647.7813,0.868663,1.356404,317.3555,0.909715,534428934.679308
647.3125,0.868663,1.356404,317.1563,0.886628,534428934.679366
646.7188,0.868663,1.356404,316.8867,0.761435,534428934.679483
646.1875,0.868663,1.356404,316.6875,0.706349,534428934.679604
645.6563,0.868663,1.356404,316.5586,0.696302,534428934.679737
645.0625,0.868663,1.356404,316.418,0.715802,534428934.702581
644.3906,0.868663,1.356404,316.2891,0.701787,534428934.702686
643.7344,0.868663,1.356404,316.2188,0.679534,534428934.702725
642.875,0.868663,1.356404,316.1602,0.702276,534428934.70276
642.2031,0.868663,1.356404,316.1602,0.718671,534428934.702801
641.1406,0.868663,1.356404,316.1602,0.700621,534428934.702832
640.2813,0.868663,1.356404,316.1602,0.682571,534428934.702863
639.2813,0.868663,1.356404,316.1602,0.702293,534428934.702892
638.3594,0.868663,1.356404,316.1602,0.713897,534428934.702925
637.2969,0.868663,1.356404,316.1602,0.733022,534428934.722523
636.3594,0.868663,1.356404,316.2188,0.748453,534428934.722614
635.4375,0.868663,1.356404,316.418,0.754008,534428934.72264
634.7031,0.868663,1.356404,316.6172,0.739104,534428934.722664
633.7813,0.868663,1.356404,316.8164,0.72121,534428934.738393
632.9844,0.868663,1.356404,317.1563,0.730129,534428934.738592
632.125,0.868663,1.356404,317.4844,0.728445,534428934.738622
631.4531,0.868663,1.356404,317.8125,0.715783,534428934.738644
630.7969,0.868663,1.356404,318.2109,0.716948,534428934.750341
630.1875,0.868663,1.356404,318.6094,0.721362,534428934.750434
629.6563,0.868663,1.356404,319.1367,0.732751,534428934.750463
629.3281,0.868663,1.356404,319.6758,0.73559,534428934.750498
629.0625,0.868663,1.356404,320.2734,0.740485,534428934.767737
628.8594,0.868663,1.356404,320.8711,0.744319,534428934.767824
628.7344,0.868663,1.356404,321.5273,0.735933,534428934.767847
628.6719,0.868663,1.356404,322.125,0.739947,534428934.767894
628.6719,0.868663,1.356404,322.8516,0.745286,534428934.785644
628.6719,0.868663,1.356404,323.5898,0.748878,534428934.785733
628.6719,0.868663,1.356404,324.3164,0.75287,534428934.78576
628.7344,0.868663,1.356404,324.9844,0.753336,534428934.78578
629.2031,0.868663,1.356404,325.7813,0.75679,534428934.802904
629.6563,0.868663,1.356404,326.5078,0.787433,534428934.802998
630.1875,0.868663,1.356404,327.1641,0.791784,534428934.803025
630.8594,0.868663,1.356404,327.832,0.794394,534428934.803045
631.5938,0.868663,1.356404,328.5586,0.800021,534428934.820335
632.3906,0.868663,1.356404,329.2266,0.845295,534428934.820419
633.1875,0.868663,1.356404,329.8945,0.890569,534428934.820436
633.9688,0.868663,1.356404,330.5508,0.899749,534428934.820455
634.9063,0.868663,1.356404,331.2188,0.909686,534428934.836687
635.7656,0.868663,1.356404,331.8164,0.920494,534428934.836769
636.7656,0.868663,1.356404,332.4727,0.930114,534428934.836787
637.6875,0.868663,1.356404,333.0117,0.944122,534428934.836804
638.8125,0.868663,1.356404,333.668,0.956952,534428934.852876
639.875,0.868663,1.356404,334.2656,0.970249,534428934.852959
641.0781,0.868663,1.356404,334.9336,0.984941,534428934.852978
642.3438,0.868663,1.356404,335.5313,0.998715,534428934.852996
643.5313,0.868663,1.356404,336.1289,1.007222,534428934.86852
644.7188,0.868663,1.356404,336.6563,1.020832,534428934.868597
646.1875,0.868663,1.356404,337.2539,1.033666,534428934.868617
647.3125,0.868663,1.356404,337.7227,1.045626,534428934.868635
648.6406,0.868663,1.356404,338.3789,1.061437,534428934.884713
649.8281,0.868663,1.356404,338.918,1.065626,534428934.884788
651.2344,0.868663,1.356404,339.6445,1.077061,534428934.884808
652.1563,0.868663,1.356404,340.2422,1.111637,534428934.884946
653.2813,0.868663,1.356404,340.9688,1.146213,534428934.90096
654.2188,0.868663,1.356404,341.6367,1.159481,534428934.901038
655.1406,0.868663,1.356404,342.293,1.166496,534428934.901056
655.9375,0.868663,1.356404,342.9609,1.177859,534428934.901074
656.6719,0.868663,1.356404,343.6875,1.194881,534428934.916619
657.3281,0.868663,1.356404,344.4258,1.211552,534428934.916849
657.9219,0.868663,1.356404,345.2227,1.193891,534428934.91687
658.3906,0.868663,1.356404,345.8086,1.2077,534428934.916889
658.9219,0.868663,1.356404,346.6055,1.224593,534428934.934
659.3281,0.868663,1.356404,347.3438,1.238084,534428934.934098
659.6563,0.868663,1.356511,348,1.223205,534428934.934125
659.8594,0.868663,1.357762,348.7383,1.234572,534428934.934142
660.0469,0.868663,1.358937,349.4648,1.246493,534428934.950208
660.1875,0.868663,1.359944,350.1328,1.231356,534428934.950321
660.1875,0.868663,1.360753,350.7891,1.21857,534428934.950357
660.1875,0.868663,1.360966,351.5156,1.2228,534428934.950374
660.1875,0.868663,1.360966,352.1133,1.233336,534428934.966824
660.1875,0.868663,1.360966,352.7109,1.223773,534428934.966933
659.9219,0.868663,1.360966,353.3789,1.230247,534428934.966953
659.5938,0.868663,1.360966,353.9766,1.232055,534428934.966981
659.1875,0.868663,1.360966,354.5742,1.213794,534428934.983424
658.7188,0.868663,1.360966,355.1719,1.216008,534428934.983544
658.1875,0.868663,1.360966,355.7695,1.219757,534428934.983574
657.6563,0.868663,1.360966,356.2266,1.220263,534428934.983592
657.125,0.868663,1.360966,356.6953,1.148904,534428934.999706
656.5313,0.868663,1.360966,357.0938,1.110375,534428934.999973
655.875,0.868663,1.360966,357.3633,1.071342,534428934.999992
655.1406,0.868663,1.360966,357.6211,1.063545,534428935.000018
654.4063,0.868663,1.360966,357.8203,1.036678,534428935.016224
653.5469,0.868663,1.360966,357.8906,1.025315,534428935.016309
652.625,0.868663,1.360966,357.8906,1.017622,534428935.016334
651.6875,0.868663,1.360966,357.8906,1.043142,534428935.01635
650.5625,0.868663,1.360966,357.8906,1.02977,534428935.03385
649.4375,0.868678,1.360966,357.8906,1.020037,534428935.033971
647.9688,0.868877,1.360966,357.8203,1.010304,534428935.034015
646.8438,0.868984,1.360966,357.6914,1.02475,534428935.034047
645.25,0.868984,1.360966,357.293,1.039197,534428935.050522
644.0625,0.868984,1.360966,356.9648,1.029818,534428935.050649
642.7344,0.868984,1.360966,356.4258,1.052778,534428935.050685
641.3438,0.868984,1.360966,355.8281,1.047589,534428935.050708
640.2813,0.868984,1.360966,355.1719,1.044705,534428935.067652
639.2188,0.868984,1.360966,354.4453,1.039037,534428935.067759
638.2813,0.868984,1.360966,353.5078,0.993436,534428935.067783
637.625,0.868984,1.360966,352.5117,0.947835,534428935.067808
637.0938,0.868984,1.360966,351.2578,0.948785,534428935.084229
636.8281,0.868984,1.360966,349.9922,0.945768,534428935.084301
636.7656,0.868984,1.360966,348.3984,0.902808,534428935.084321
636.7656,0.868984,1.360966,347.2031,0.896218,534428935.084337
636.8281,0.868984,1.360966,345.4805,0.884905,534428935.100471
637.3594,0.868984,1.360966,344.0859,0.91338,534428935.100581
637.9531,0.868984,1.360966,342.832,0.937598,534428935.100603
638.8125,0.868984,1.360966,341.3672,0.931692,534428935.100631
639.6875,0.868984,1.360966,340.1719,0.916792,534428935.116639
640.75,0.868984,1.360966,338.8477,1.028977,534428935.116725
641.8125,0.868984,1.360966,337.7227,1.085373,534428935.116744
642.7969,0.868984,1.360966,336.6563,1.113093,534428935.116774
643.9219,0.868984,1.360966,335.6602,1.139134,534428935.133261
644.9844,0.868984,1.360966,334.7344,1.144351,534428935.133342
646.125,0.868984,1.360966,333.8086,1.156085,534428935.13336
647.1094,0.868984,1.360966,333.0703,1.163619,534428935.133377
648.1094,0.868984,1.360966,332.4141,1.058597,534428935.150808
648.9688,0.868984,1.360966,331.875,1.009313,534428935.150958
649.7031,0.868984,1.360966,331.4883,0.999279,534428935.150988
650.5,0.868984,1.360966,331.0898,0.984463,534428935.151008
651.1563,0.868984,1.360966,330.8906,0.703987,534428935.167374
651.8281,0.868984,1.360966,330.75,0.559357,534428935.167494
652.6875,0.868984,1.360966,330.4219,0,534428935.168236
737.1563,0.820094,1.403065,325.1836,0.333333,534428935.911698
737.2188,0.820094,1.403065,324.3164,0.333333,534428935.948114
737.2813,0.820094,1.403065,323.9883,0.333333,534428935.982084
737.4844,0.820094,1.403065,323.7188,0.333333,534428935.982522
737.6875,0.820094,1.403065,323.5195,0.333333,534428935.983096
737.75,0.820094,1.403065,323.3203,0.333333,534428935.983308
737.8125,0.820094,1.403065,323.1914,0.333333,534428935.983533
737.8125,0.820094,1.403065,322.9219,0.333333,534428935.983738
737.8125,0.820094,1.403065,322.6523,0.333333,534428935.984184
737.8125,0.820094,1.403065,322.3945,0.333333,534428935.984251
737.6875,0.820094,1.403065,322.0664,0.333333,534428935.984321
737.4219,0.820094,1.403065,321.668,0.333333,534428935.984371
737.0781,0.820094,1.403065,321.2695,0.333333,534428936.010832
736.75,0.820094,1.403065,320.8008,0.333333,534428936.010971
736.4219,0.820094,1.403065,320.332,0.333333,534428936.011029
735.9531,0.820094,1.403065,319.7344,0.333333,534428936.01107
735.5,0.820094,1.403065,319.207,0.333333,534428936.011103
734.8281,0.820094,1.403065,318.5391,0.15,534428936.011152
734.2969,0.820094,1.403065,318.1406,0.058333,534428936.011184
733.5,0.820094,1.403065,317.543,0.156867,534428936.011217
732.7031,0.820094,1.403065,317.0859,0.332674,534428936.011253
731.9844,0.820094,1.403065,316.7578,0.506802,534428936.011285
731.1875,0.820094,1.403065,316.418,0.595831,534428936.037511
730.125,0.820094,1.403065,316.1602,0.642967,534428936.037631
729.1875,0.820094,1.403065,316.0195,0.698753,534428936.037668
728.1875,0.820094,1.403065,315.9609,0.754539,534428936.037706
727.2656,0.820094,1.403065,315.8906,0.792314,534428936.037783
726.1406,0.820094,1.403065,315.8906,0.754396,534428936.037816
725.1406,0.820094,1.403065,315.8906,0.743421,534428936.037851
724.0781,0.820094,1.403065,315.8906,0.732446,534428936.03788
723.1563,0.820094,1.403065,316.0195,0.76064,534428936.037909
722.0938,0.820094,1.403065,316.3594,0.760816,534428936.055886
721.3594,0.820094,1.403065,316.6172,0.776991,534428936.055977
720.625,0.820094,1.403065,317.0859,0.797591,534428936.056009
719.9688,0.820094,1.403065,317.543,0.806499,534428936.056039
719.2969,0.820094,1.403065,318.2813,0.836622,534428936.071635
718.8438,0.820094,1.403065,319.0078,0.846138,534428936.071716
718.4375,0.820094,1.403065,319.8047,0.853861,534428936.071758
718.0469,0.820094,1.403065,320.6719,0.835166,534428936.071774
717.7188,0.820094,1.403065,321.668,0.8188,534428936.08716
717.5156,0.820094,1.403065,322.7227,0.828315,534428936.087257
717.375,0.820094,1.403065,323.8477,0.83783,534428936.087277
717.3125,0.820094,1.403065,324.8438,0.823557,534428936.087317
717.3125,0.820094,1.403065,326.1094,0.810066,534428936.10413
717.3125,0.820094,1.403065,327.2344,0.817795,534428936.10421
717.3125,0.820094,1.403065,328.5,0.834386,534428936.104228
717.3125,0.820094,1.403065,329.5547,0.842391,534428936.104244
717.375,0.820094,1.403065,330.8203,0.85089,534428936.120487
717.6406,0.820094,1.403065,331.9453,0.858999,534428936.120567
718.1094,0.820094,1.403065,333.0117,0.843367,534428936.120585
718.5781,0.820094,1.403065,334.0078,0.847799,534428936.120604
719.2344,0.820094,1.403065,335.0039,0.845331,534428936.136971
719.9063,0.820094,1.403065,335.8594,0.849206,534428936.137052
720.7031,0.820094,1.403065,336.5859,0.813704,534428936.13707
721.5,0.820094,1.403065,337.1836,0.778202,534428936.137087
722.4844,0.820094,1.403065,337.7813,0.777443,534428936.153171
723.4219,0.821208,1.403065,338.1797,0.767362,534428936.153255
724.2813,0.8231,1.403065,338.4492,0.765783,534428936.153279
725.3438,0.824764,1.403065,338.7188,0.764757,534428936.153297
726.3438,0.826213,1.403065,338.7773,0.761865,534428936.169624
727.2031,0.827419,1.403065,338.7773,0.799409,534428936.169703
728.0625,0.828426,1.403065,338.7773,0.836326,534428936.169728
729.0625,0.82925,1.403065,338.7773,0.83604,534428936.169747
729.9844,0.829936,1.403065,338.7188,0.880857,534428936.186065
730.9219,0.830531,1.403065,338.3789,0.924882,534428936.186143
731.7813,0.831035,1.403065,338.0508,0.928699,534428936.186161
732.4375,0.831462,1.403065,337.7227,0.932086,534428936.186179
733.1719,0.831874,1.403065,337.3242,0.93566,534428936.202002
733.8281,0.832301,1.403065,336.7852,0.939678,534428936.202078
734.4375,0.832698,1.403065,336.2578,0.95493,534428936.2021
734.8906,0.833064,1.403065,335.6602,0.961947,534428936.202118
735.5,0.83337,1.403065,334.8633,0.986582,534428936.21806
735.8906,0.833553,1.403065,334.1367,0.996061,534428936.218136
736.2188,0.833598,1.403065,333.4102,1.038629,534428936.218155
736.5625,0.833598,1.403065,332.4727,1.036433,534428936.218171
736.75,0.833598,1.403065,331.6758,1.052442,534428936.234168
736.8906,0.833598,1.403065,330.8906,1.064223,534428936.234281
736.9531,0.833598,1.403065,329.8945,1.076463,534428936.234311
737.0156,0.833598,1.403065,329.2266,1.112238,534428936.234328
737.0156,0.833598,1.403065,328.4297,1.15067,534428936.250374
737.0156,0.833598,1.403065,327.7617,1.160491,534428936.250451
737.0156,0.833598,1.403065,327.1641,1.156591,534428936.250474
737.0156,0.833598,1.403065,326.6367,1.169773,534428936.250502
736.9531,0.833598,1.403065,326.1797,1.183087,534428936.267631
736.8906,0.833598,1.403065,325.8398,1.19631,534428936.267703
736.8125,0.833598,1.403065,325.582,1.217916,534428936.267766
736.75,0.833598,1.403065,325.3828,1.228536,534428936.26795
736.6875,0.833598,1.403065,325.2422,1.258298,534428936.284276
736.6875,0.833598,1.403065,325.1836,1.247407,534428936.284365
736.6875,0.833598,1.403065,325.1133,1.232982,534428936.284443
736.6875,0.833598,1.403065,325.1133,1.218558,534428936.284466
736.6875,0.833598,1.403065,325.1133,1.233235,534428936.30077
736.75,0.833598,1.403065,325.1836,1.204074,534428936.300859
737.0781,0.833598,1.403065,325.5117,1.174599,534428936.300877
737.4219,0.833598,1.403065,325.8398,1.182816,534428936.300901
737.75,0.833598,1.403065,326.4375,1.181702,534428936.317554
738.1406,0.833598,1.403065,327.0352,1.163842,534428936.317655
738.6094,0.833598,1.403065,327.7617,1.164243,534428936.317688
739.0156,0.833598,1.403065,328.6992,1.166651,534428936.317719
739.4063,0.833598,1.403065,329.6953,1.179117,534428936.333956
739.8125,0.833598,1.405171,330.75,1.179955,534428936.334049
740.1406,0.833598,1.408192,331.9453,1.18153,534428936.334068
740.4688,0.833598,1.409794,333.1406,1.180745,534428936.334085
740.7969,0.833598,1.410405,334.4648,1.142515,534428936.350371
741.2031,0.833598,1.410557,335.9297,1.104443,534428936.350566
741.4063,0.833598,1.410557,337.0547,1.102609,534428936.350585
741.6563,0.833598,1.410603,338.25,1.101555,534428936.350603
741.8594,0.833598,1.410786,339.5156,1.100773,534428936.363952
742.0625,0.833598,1.411046,340.7109,1.100082,534428936.37082
742.1875,0.833598,1.411046,341.8359,1.099121,534428936.378883
742.2656,0.833598,1.411046,342.832,1.099489,534428936.378961
742.3281,0.833598,1.411046,343.957,1.064541,534428936.378979
742.3281,0.833598,1.411046,344.9531,1.025723,534428936.378999
742.3281,0.833598,1.411046,346.0078,1.019076,534428936.386636
742.3281,0.833598,1.411046,347.0039,1.108202,534428936.386718
742.125,0.833598,1.411046,348.0703,1.15091,534428936.403315
741.7969,0.833598,1.411046,348.9961,1.170835,534428936.403388
741.2656,0.833598,1.411046,349.9922,1.264521,534428936.403407
740.7344,0.833598,1.411046,350.918,1.31653,534428936.403427
739.875,0.833598,1.411046,352.0547,1.34573,534428936.419781
739.1406,0.833598,1.411046,352.9102,1.388034,534428936.419859
738.1406,0.833598,1.411046,353.8477,1.435485,534428936.419877
736.9531,0.834483,1.411046,354.7031,1.45552,534428936.419892
735.8281,0.836253,1.411046,355.4297,1.477091,534428936.435639
734.3594,0.838222,1.411046,356.168,1.516774,534428936.435716
732.7656,0.840221,1.411046,356.7656,1.569207,534428936.435734
731.25,0.842143,1.411046,357.2227,1.599654,534428936.43575
729.3906,0.843974,1.411046,357.6914,1.631399,534428936.451766
727.5313,0.845683,1.411046,358.0195,1.665267,534428936.451841
725.2031,0.847225,1.411046,358.418,1.692363,534428936.451859
723.1563,0.848583,1.411046,358.6875,1.722387,534428936.451876
720.5625,0.849666,1.411046,358.8867,1.772199,534428936.467635
717.9844,0.850475,1.411046,359.0859,1.833604,534428936.467744
715.1875,0.8511,1.411046,359.2852,1.902503,534428936.467765
712.2656,0.851512,1.411046,359.4141,1.923005,534428936.467783
709.8125,0.851726,1.411046,359.5547,1.895508,534428936.483769
707.3594,0.851802,1.411046,359.6133,1.891681,534428936.483862
704.9688,0.851802,1.411046,359.6836,1.887855,534428936.483879
703.25,0.851802,1.411046,359.7422,1.916447,534428936.483897
701.3281,0.851802,1.411046,359.7422,1.721211,534428936.499965
699.6563,0.851802,1.411046,359.8125,1.626205,534428936.500083
698.3438,0.851802,1.411046,359.8125,1.585674,534428936.500102
697.1406,0.851802,1.411046,359.8125,1.565969,534428936.50012
696.0156,0.851802,1.411046,359.8125,1.15112,534428936.516585
695.3438,0.851802,1.411046,359.8125,0.921002,534428936.516666
694.6875,0.851802,1.411046,359.9414,0.788524,534428936.516685
694.0313,0.851802,1.411046,360.2109,0,534428936.517424
